rep,estimand,backend,est,se,mu_rmse,alpha_rmse,alpha_mae,fit_seconds,truth
0,ATE,xgboost,3.603553693841682,0.17458517838741594,1.7302832736363352,1.0540637267722213,0.6145077541401299,10.067975282669067,2.999573122975341
0,ATE,sklearn_tree,3.6072525784273073,0.1743316093628442,1.7302832736363352,1.0240665106671278,0.584957853220226,15.653537034988403,2.999573122975341
0,ATE,sklearn_ridge,3.459771228715521,0.165159139886571,1.7302832736363352,1.028699689069056,0.6121226770538337,1.7001588344573975,2.999573122975341
0,ATT,xgboost,3.693169156827641,0.1806263002156438,1.7302832736363352,0.7647250875782544,0.3417886375122308,10.94572401046753,3.204527475072491
0,ATT,sklearn_tree,3.6899652562914382,0.19320572471003888,1.7302832736363352,0.7604867467021446,0.36868653655931405,8.874082088470459,3.204527475072491
0,ATT,sklearn_ridge,3.4456264229095153,0.18112759725661326,1.7302832736363352,0.7964036145945297,0.4421150069234684,1.0677928924560547,3.204527475072491
1,ATE,xgboost,3.597677183186216,0.19632007329897302,1.709812887218086,1.1125844512696597,0.627517647911801,8.52088212966919,2.999573122975341
1,ATE,sklearn_tree,3.566315283858992,0.19610457966453834,1.709812887218086,1.1114218907568219,0.6219713501592419,13.179637908935547,2.999573122975341
1,ATE,sklearn_ridge,3.4509801613616435,0.17713012186234126,1.709812887218086,1.0781451639535105,0.5845025725610103,1.5618481636047363,2.999573122975341
1,ATT,xgboost,3.565309152963099,0.1798002392074903,1.709812887218086,0.7054761925995995,0.3284233086889739,5.827443838119507,3.204527475072491
1,ATT,sklearn_tree,3.5645869341953595,0.17639740568767748,1.709812887218086,0.7121571780489123,0.32675853168088637,9.701802968978882,3.204527475072491
1,ATT,sklearn_ridge,3.4263241318352353,0.1677550066232987,1.709812887218086,0.7256871602256638,0.39651412863100644,1.1026549339294434,3.204527475072491
2,ATE,xgboost,3.6596758101827938,0.18647626101198164,1.7575727222513922,0.8695384647459716,0.5713141983636508,9.369737148284912,2.999573122975341
2,ATE,sklearn_tree,3.66632669934764,0.18502706471967556,1.7575727222513922,0.8666767475261083,0.5671561536947236,14.454849004745483,2.999573122975341
2,ATE,sklearn_ridge,3.4799011538629965,0.18529610552606995,1.7575727222513922,0.8142739254918029,0.571766254560028,1.9057059288024902,2.999573122975341
2,ATT,xgboost,3.703586962700452,0.1947484801670124,1.7575727222513922,0.6748491150289259,0.3546837855495295,3.9904491901397705,3.204527475072491
2,ATT,sklearn_tree,3.640358629535807,0.21685800456909993,1.7575727222513922,0.7044402048309131,0.4142009028291722,7.558253765106201,3.204527475072491
2,ATT,sklearn_ridge,3.4879788635805204,0.2157875227141007,1.7575727222513922,0.6954718392889311,0.4685604660088452,1.052626132965088,3.204527475072491
3,ATE,xgboost,3.375764937742686,0.17749966496004635,1.658433750256917,1.0962377540490962,0.6110119036540465,8.589441061019897,2.999573122975341
3,ATE,sklearn_tree,3.3826598107761665,0.18159653223635056,1.658433750256917,1.105174874142661,0.6270632209683535,13.27964186668396,2.999573122975341
3,ATE,sklearn_ridge,3.353484491537434,0.17941879179653747,1.658433750256917,1.053660352111357,0.6436934431403672,1.8030540943145752,2.999573122975341
3,ATT,xgboost,3.371965885915192,0.18163144776553683,1.658433750256917,0.9795965241216885,0.3891336974052109,4.1097328662872314,3.204527475072491
3,ATT,sklearn_tree,3.323331817457516,0.17160594849355698,1.658433750256917,0.9771018197196529,0.38598816920048934,7.523726224899292,3.204527475072491
3,ATT,sklearn_ridge,3.3509221393720314,0.1918393917442007,1.658433750256917,0.9603714432704351,0.4674912218864564,0.9849629402160645,3.204527475072491
4,ATE,xgboost,3.649828455489605,0.19206215571049615,1.6159435451410744,0.9568813563441174,0.6045398860362096,9.403080940246582,2.999573122975341
4,ATE,sklearn_tree,3.6412632472284283,0.19288069962956347,1.6159435451410744,0.9552931737397394,0.6073870887618741,14.756049871444702,2.999573122975341
4,ATE,sklearn_ridge,3.5819015550526596,0.18456285402508388,1.6159435451410744,0.9859835667203456,0.6519986629388049,1.7923190593719482,2.999573122975341
4,ATT,xgboost,3.8954527241279635,0.25337773465720903,1.6159435451410744,0.8604925133951352,0.4168529732232113,21.057689666748047,3.204527475072491
4,ATT,sklearn_tree,3.750640196598399,0.2046419517362846,1.6159435451410744,0.7246883237461046,0.3788643777327194,13.95078706741333,3.204527475072491
4,ATT,sklearn_ridge,3.643253087421572,0.19699458677343798,1.6159435451410744,0.7749739652954308,0.48244473131878324,1.540355920791626,3.204527475072491
5,ATE,xgboost,3.5797227534597287,0.1988248324608067,1.6842977042822966,1.5240030463139027,0.7367699766665923,10.131707191467285,2.999573122975341
5,ATE,sklearn_tree,3.5895856310235734,0.1991620642083984,1.6842977042822966,1.5277737422723514,0.737280040759417,17.403199911117554,2.999573122975341
5,ATE,sklearn_ridge,3.4043001496926983,0.1861022720703804,1.6842977042822966,1.4192876763103557,0.701177079395093,1.7940940856933594,2.999573122975341
5,ATT,xgboost,3.882185510468945,0.8573874775439438,1.6842977042822966,9.770588842075902,1.2549887405383502,8.200854063034058,3.204527475072491
5,ATT,sklearn_tree,3.5528542620511336,0.19461204919810307,1.6842977042822966,1.295167526977865,0.41044576705849384,11.645192384719849,3.204527475072491
5,ATT,sklearn_ridge,3.4105980600145434,0.19582597410013686,1.6842977042822966,1.302489615347952,0.5039082552473629,0.9029130935668945,3.204527475072491
6,ATE,xgboost,3.434252380576059,0.21299604853389098,1.6999649491276163,1.196566900085765,0.7010552637223664,10.495426893234253,2.999573122975341
6,ATE,sklearn_tree,3.4372326792164376,0.24138368171907076,1.6999649491276163,1.4122611183737983,0.7949144812253571,18.12317991256714,2.999573122975341
6,ATE,sklearn_ridge,3.1833757445761477,0.18567693200147178,1.6999649491276163,0.990622234116322,0.6105802161707589,1.7965641021728516,2.999573122975341
6,ATT,xgboost,3.37148402763594,0.19109208558032437,1.6999649491276163,0.766108809297968,0.35856257205444486,6.512156963348389,3.204527475072491
6,ATT,sklearn_tree,3.3312805283536537,0.18606007426721202,1.6999649491276163,0.7678334049725992,0.3498092614148362,12.189390897750854,3.204527475072491
6,ATT,sklearn_ridge,3.2142090055667736,0.1879762827841325,1.6999649491276163,0.8031941897834616,0.44870651346112833,1.3926751613616943,3.204527475072491
7,ATE,xgboost,3.5718537377026154,0.17552305762784567,1.6672533196426929,0.8632869126142855,0.5416881818710473,8.326448202133179,2.999573122975341
7,ATE,sklearn_tree,3.5743926900216008,0.17264449592821504,1.6672533196426929,0.8709528441532265,0.5428193172390485,12.713223934173584,2.999573122975341
7,ATE,sklearn_ridge,3.5503574773776276,0.18585173830226145,1.6672533196426929,0.8426747809131022,0.5762231864284547,1.6670458316802979,2.999573122975341
7,ATT,xgboost,3.5764156743349043,0.16364305426672882,1.6672533196426929,0.6672372281144265,0.3239100926798969,5.177064895629883,3.204527475072491
7,ATT,sklearn_tree,3.573000956194326,0.16284475032712123,1.6672533196426929,0.6704414880211294,0.3252257489644233,8.273704051971436,3.204527475072491
7,ATT,sklearn_ridge,3.520515808435104,0.1694764125085269,1.6672533196426929,0.677781374480987,0.3928233659215175,1.5324950218200684,3.204527475072491
8,ATE,xgboost,3.57797567829746,0.16774869302240042,1.582422589588522,1.0847914991005159,0.6234120038744123,7.454618215560913,2.999573122975341
8,ATE,sklearn_tree,3.575460470803956,0.17417384560213986,1.582422589588522,1.0203144688769823,0.5872105557205082,11.779073715209961,2.999573122975341
8,ATE,sklearn_ridge,3.504561453276715,0.1707890955320445,1.582422589588522,1.0211903486384812,0.6152019919079035,1.2570021152496338,2.999573122975341
8,ATT,xgboost,3.6893097481746824,0.16910249747852762,1.582422589588522,0.825126955952157,0.3755294263102711,5.003418684005737,3.204527475072491
8,ATT,sklearn_tree,3.618893396671216,0.15777801588809046,1.582422589588522,0.8499878119552988,0.3933501168454601,7.573067903518677,3.204527475072491
8,ATT,sklearn_ridge,3.5787336115307187,0.16696166948299723,1.582422589588522,0.8299248752889833,0.4133307231768964,0.8658149242401123,3.204527475072491
9,ATE,xgboost,3.5677111094198937,0.19005512858123874,1.656080258464603,0.8548734983561985,0.5612692270264054,7.639787912368774,2.999573122975341
9,ATE,sklearn_tree,3.6140070252506558,0.19959071934826023,1.656080258464603,0.9003216729461314,0.6042512847628028,12.65024995803833,2.999573122975341
9,ATE,sklearn_ridge,3.4810180049361255,0.1755734130172615,1.656080258464603,0.8418107091840864,0.5707418913107947,1.3166253566741943,2.999573122975341
9,ATT,xgboost,3.6006791240279714,0.2004784707323429,1.656080258464603,0.5669601268641467,0.30569692700718765,8.86626410484314,3.204527475072491
9,ATT,sklearn_tree,3.6162010908218947,0.1792641629443888,1.656080258464603,0.5559210245985664,0.28823893257580196,10.390818119049072,3.204527475072491
9,ATT,sklearn_ridge,3.429457721507043,0.17696916495885995,1.656080258464603,0.5794879319411712,0.37970294188765286,1.1850597858428955,3.204527475072491
